<ImportExportXml xmlns:xsi="http://www.w3.org/2001/XMLSchema-instance">
  <Entities></Entities>
  <Roles></Roles>
  <Workflows>
    <Workflow WorkflowId="{d01dbb03-0f10-427e-95c7-125c6bd85fd4}" Name="GetUserTeam">
      <XamlFileName>/Workflows/GetUserTeam-D01DBB03-0F10-427E-95C7-125C6BD85FD4.xaml</XamlFileName>
      <Type>1</Type>
      <Subprocess>0</Subprocess>
      <Category>3</Category>
      <Mode>0</Mode>
      <Scope>4</Scope>
      <OnDemand>0</OnDemand>
      <TriggerOnCreate>0</TriggerOnCreate>
      <TriggerOnDelete>0</TriggerOnDelete>
      <AsyncAutodelete>0</AsyncAutodelete>
      <SyncWorkflowLogOnFailure>1</SyncWorkflowLogOnFailure>
      <StateCode>1</StateCode>
      <StatusCode>2</StatusCode>
      <CreateStage>40</CreateStage>
      <RunAs>1</RunAs>
      <SdkMessageId>{a76adfd7-334d-e811-a952-000d3a18b4b9}</SdkMessageId>
      <UniqueName>GetUserTeam</UniqueName>
      <IsTransacted>1</IsTransacted>
      <IntroducedVersion>1.0.0.0</IntroducedVersion>
      <IsCustomizable>1</IsCustomizable>
      <FormId>{00000000-0000-0000-0000-000000000000}</FormId>
      <PrimaryEntity>none</PrimaryEntity>
      <LocalizedNames>
        <LocalizedName languagecode="1033" description="GetUserTeam" />
      </LocalizedNames>
    </Workflow>
  </Workflows>
  <FieldSecurityProfiles></FieldSecurityProfiles>
  <Templates />
  <EntityMaps />
  <EntityRelationships />
  <OrganizationSettings />
  <optionsets />
  <WebResources>
    <WebResource>
      <WebResourceId>{7d587b07-e84d-e811-a951-000d3a18bb57}</WebResourceId>
      <Name>sav_/scripts/jswr.js</Name>
      <DisplayName>/scripts/jswr.js</DisplayName>
      <WebResourceType>3</WebResourceType>
      <IntroducedVersion>1.0.0.0</IntroducedVersion>
      <IsEnabledForMobileClient>0</IsEnabledForMobileClient>
      <IsAvailableForMobileOffline>0</IsAvailableForMobileOffline>
      <DependencyXml>&lt;Dependencies&gt;&lt;Dependency componentType="WebResource"/&gt;&lt;/Dependencies&gt;</DependencyXml>
      <IsCustomizable>1</IsCustomizable>
      <CanBeDeleted>1</CanBeDeleted>
      <IsHidden>0</IsHidden>
      <FileName>/WebResources/sav_scriptsjswrjs7D587B07-E84D-E811-A951-000D3A18BB57</FileName>
    </WebResource>
  </WebResources>
  <CustomControls />
  <SolutionPluginAssemblies>
    <PluginAssembly FullName="SavantsAssembly, Version=1.0.0.0, Culture=neutral, PublicKeyToken=b1d141c80fca7356" PluginAssemblyId="208cb7e5-d6b4-45f4-9f70-13615a2ca093" CustomizationLevel="1">
      <IsolationMode>2</IsolationMode>
      <SourceType>0</SourceType>
      <IntroducedVersion>1.0</IntroducedVersion>
      <FileName>/PluginAssemblies/SavantsAssembly-208CB7E5-D6B4-45F4-9F70-13615A2CA093/SavantsAssembly.dll</FileName>
      <PluginTypes>
        <PluginType AssemblyQualifiedName="SavantsAssembly.CheckUserInTeam, SavantsAssembly, Version=1.0.0.0, Culture=neutral, PublicKeyToken=b1d141c80fca7356" PluginTypeId="0f0cd27a-6b21-42d8-9590-e408218c5489" Name="SavantsAssembly.CheckUserInTeam">
          <FriendlyName>599826ee-2780-455c-a0a7-22ef06fb94c2</FriendlyName>
          <WorkflowActivityGroupName>SavantsAssembly (1.0.0.0)</WorkflowActivityGroupName>
        </PluginType>
        <PluginType AssemblyQualifiedName="SavantsAssembly.GetUserTeam, SavantsAssembly, Version=1.0.0.0, Culture=neutral, PublicKeyToken=b1d141c80fca7356" PluginTypeId="48775210-f985-4f97-9dc5-bf10d73a9e80" Name="SavantsAssembly.GetUserTeam">
          <FriendlyName>15f5bc4e-ea60-49bf-b976-bc2534a00e7f</FriendlyName>
        </PluginType>
        <PluginType AssemblyQualifiedName="SavantsAssembly.SendEmailToQueueMember, SavantsAssembly, Version=1.0.0.0, Culture=neutral, PublicKeyToken=b1d141c80fca7356" PluginTypeId="8a78d89e-5772-45a7-9b10-e0973cb3090d" Name="SavantsAssembly.SendEmailToQueueMember">
          <FriendlyName>3b5572d6-1f1b-4ffd-9292-70d36021d1d3</FriendlyName>
          <WorkflowActivityGroupName>SavantsAssembly (1.0.0.0)</WorkflowActivityGroupName>
        </PluginType>
      </PluginTypes>
    </PluginAssembly>
  </SolutionPluginAssemblies>
  <SdkMessageProcessingSteps>
    <SdkMessageProcessingStep Name="SavantsAssembly.GetUserTeam: sav_GetUserTeam of any Entity" SdkMessageProcessingStepId="{9e98864f-354d-e811-a952-000d3a18b000}">
      <PluginTypeName>SavantsAssembly.GetUserTeam, SavantsAssembly, Version=1.0.0.0, Culture=neutral, PublicKeyToken=b1d141c80fca7356</PluginTypeName>
      <PluginTypeId>48775210-f985-4f97-9dc5-bf10d73a9e80</PluginTypeId>
      <AsyncAutoDelete>0</AsyncAutoDelete>
      <Description>SavantsAssembly.GetUserTeam: sav_GetUserTeam of any Entity</Description>
      <FilteringAttributes></FilteringAttributes>
      <InvocationSource>0</InvocationSource>
      <Mode>0</Mode>
      <Rank>1</Rank>
      <SdkMessageId>{a76adfd7-334d-e811-a952-000d3a18b4b9}</SdkMessageId>
      <EventHandlerTypeCode>4602</EventHandlerTypeCode>
      <Stage>40</Stage>
      <IsCustomizable>1</IsCustomizable>
      <IsHidden>0</IsHidden>
      <SupportedDeployment>0</SupportedDeployment>
      <IntroducedVersion>1.0</IntroducedVersion>
      <SdkMessageProcessingStepImages />
    </SdkMessageProcessingStep>
  </SdkMessageProcessingSteps>
  <EntityDataProviders />
  <Languages>
    <Language>1033</Language>
  </Languages>
</ImportExportXml>